Nome	Data Inicio	Data Final	Projeto
eSocial-281573-1.0.1-CONS-01	23/03/2015	26/04/2015	282935
eSocial-281573-1.0.1-CONS-02	27/04/2015	24/05/2015	282935
eSocial-281573-1.0.1-CONS-03	25/05/2015	26/06/2015	282935
eSocial-281573-1.0.1-CONS-04	29/06/2015	24/07/2015	282935
eSocial-281573-1.0.1-CONS-05	27/07/2015	21/08/2015	282935
eSocial-281573-1.0.1-CONS-06	24/08/2015	07/09/2015	282935
eSocial-281573-1.0.1-TRANS	08/09/2015	01/11/2015	282935
eSocial-281573-1.0.2-CONS-01	02/11/2015	26/11/2015	282935
eSocial-281573-1.0.2-CONS-02	27/11/2015	15/12/2015	282935
eSocial-281573-1.0.2-TRANS	26/11/2015	30/11/2015	282935
eSocial-281573-1.0.3-CONS	01/12/2015	21/12/2015	282935
eSocial-281573-1.0.3-TRANS	22/12/2015	23/12/2015	282935
eSocial-281573-1.0.4-CONS	28/12/2015	12/02/2016	282935
eSocial-281573-1.0.4-TRANS	15/02/2016	07/03/2016	282935
eSocial-281573-1.0.5-CONS	01/03/2016	01/04/2016	282935
eSocial-281573-1.0.5-TRANS	04/04/2016	09/05/2016	282935
eSocial-281573-1.0.6-CONS	09/05/2016	17/06/2016	282935
eSocial-281573-1.0.6-TRANS	20/06/2016	29/07/2016	282935
eSocial-921077-1.7.0-CONS	05/07/2016	19/08/2016	994361
eSocial-921077-1.7.0-TRANS	22/08/2016	09/09/2016	994361
eSocial-1005228-1.0.8-CONS	22/08/2016	30/09/2016	1031720
eSocial-1005228-1.0.8-TRANS	03/10/2016	31/10/2016	1031720
eSocial-281552-CON	01/08/2014	29/03/2016	282805
eSocial-281622 	31/07/2014	30/03/2016	281766
eSocial-APO-846941	17/02/2016	04/04/2016	849205
eSocial-908030	18/04/2016	03/05/2016	917120
eSocial-978922	12/07/2016	13/07/2016	996072
eSocial-CON-1011793	03/08/2016	03/08/2016	1013492
eSocial-CON-1011770	16/08/2016	26/08/2016	1026503
eSocial-CON-1020935	16/08/2016	26/08/2016	1025998
eSocial-883166	23/03/2016	28/03/2016	885225
eSocial-845950	17/02/2016	29/04/2016	849236
eSocial-760524	26/11/2015	29/04/2016	787139
eSocial-875686	18/04/2016	29/04/2016	917075
eSocial-927069	05/05/2016	01/06/2016	929065
eSocial-1013537	01/08/2014	09/08/2016	1014661
eSocial-CON-1019803	16/08/2016	30/09/2016	1026571
DCTF-Web-370057-COD-1160-1.0.1-CONS-01	03/11/2015	26/11/2015	374017
DCTF-Web-370057-COD-1160-1.0.1-CONS-02	27/11/2015	15/12/2015	374017
DCTF-Web-370057-COD-1160-1.0.1-TRANS	16/12/2015	23/12/2015	374017
DCTF-Web-370057-COD-1160-1.0.2-CONS-01	04/01/2016	12/02/2016	374017
DCTF-Web-370057-COD-1160-1.0.2-TRANS	15/02/2016	15/02/2016	374017
DCTF-Web-370057-COD-1160-1.0.3-CONS-01	15/02/2016	18/03/2016	374017
DCTF-Web-370057-COD-1160-1.0.3-CONS-02	21/03/2016	08/04/2016	374017
DCTF-Web-370057-COD-1160-1.0.3-CONS-03	11/04/2016	06/05/2016	374017
DCTF-Web-370057-COD-1160-1.0.3-CONS-04	09/05/2016	03/06/2016	374017
DCTF-Web-370057-COD-1160-1.0.3-CONS-05	06/06/2016	17/06/2016	374017
DCTF-Web-370057-COD-1160-1.0.3-TRANS	27/06/2016	08/07/2016	374017
DCTF-Web-370057-COD-1160-1.0.4-CONS	11/07/2016	19/08/2016	374017
DCTF-Web-370057-COD-1160-1.0.4-TRANS	22/08/2016	16/09/2016	374017
DCTF-Web-752629-CONS-01	02/07/2015	27/07/2015	811352
DCTF-Web-752629-CONS-02	28/07/2015	14/08/2015	811352
DCTF-Web-752629-CONS-03	17/08/2015	04/09/2015	811352
DCTF-Web-752629-CONS-04	08/09/2015	06/11/2015	811352
DCTF-Web-752629-TRANS	09/11/2015	30/06/2015	811352
DCTF-Web-860898	18/04/2016	03/05/2016	916358
DCTF-Web-954785	01/06/2016	13/07/2016	956523
DCTF-Web-CON-905130	29/04/2016	24/05/2016	921401
DCTF-Web-CON-942156	24/05/2016	01/06/2016	949061
DCTFWeb-APO-855567	26/02/2016	28/03/2016	856774
DCTFWeb-CON-835064	15/02/2016	18/02/2016	844838